<?xml version="1.0" encoding="UTF-8" standalone="yes"?>
<addon id="repository.passion.xbmc.org" name="Passion-XBMC.org Add-ons"
        version="2.0.2" provider-name="Team Passion-XBMC">
    <requires>
        <import addon="xbmc.addon" version="11.0"/>
    </requires>
    <extension point="xbmc.addon.repository" 
        name="Official Passion-XBMC Add-on Repository">
        <info compressed="true">http://passion-xbmc.org/addons/addons.php/11.0</info>
        <checksum>http://passion-xbmc.org/addons/addons.xml.md5</checksum>
        <datadir zip="true">http://passion-xbmc.org/addons/Download.php</datadir>
        <hashes>false</hashes>
    </extension>
    <extension point="xbmc.addon.metadata">
        <summary lang="en">Install Add-ons from passion-xbmc.org</summary>
        <summary lang="fr">Installez des Add-ons depuis passion-xbmc.org</summary>
        <description lang="en">Download and install Add-ons from passion-xbmc.org</description>
        <description lang="fr">Téléchargez et installez des Add-ons depuis passion-xbmc.org</description>
        <platform>all</platform>
    </extension>
</addon>
